market,model_kind,date,ic,mae,high_vol
GSPC,concat_a,2024-04-16,-0.5207692307692308,0.008805603968212308,1
GSPC,concat_a,2024-04-17,-0.23153846153846153,0.008032525132875815,1
GSPC,concat_a,2024-04-18,-0.4553846153846154,0.009635378094389975,0
GSPC,concat_a,2024-04-19,-0.19230769230769232,0.011358982203528212,0
GSPC,concat_a,2024-04-22,-0.08692307692307692,0.009674185977782988,0
GSPC,concat_a,2024-04-23,-0.2453846153846154,0.0066256531490943675,0
GSPC,concat_a,2024-04-24,0.08384615384615385,0.006109998775063959,1
GSPC,concat_a,2024-04-25,-0.1946153846153846,0.006824323209730166,0
GSPC,concat_a,2024-04-26,0.14076923076923076,0.007677885647717569,0
GSPC,concat_a,2024-04-29,0.03923076923076923,0.007344238653313324,1
GSPC,concat_a,2024-04-30,-0.11538461538461539,0.005976629442447982,1
GSPC,concat_a,2024-05-01,0.1946153846153846,0.007616017758846233,1
GSPC,concat_a,2024-05-02,0.27692307692307694,0.006649588481232,1
GSPC,concat_a,2024-05-03,0.22230769230769232,0.006698952803853865,1
GSPC,concat_a,2024-05-06,0.06615384615384615,0.005324674843577621,1
GSPC,concat_a,2024-05-07,-0.23615384615384616,0.005908445868990328,1
GSPC,concat_a,2024-05-08,0.04538461538461538,0.005170999683905339,1
GSPC,concat_a,2024-05-09,0.011538461538461539,0.005565884798997964,1
GSPC,concat_a,2024-05-10,0.049999999999999996,0.005511114780674624,1
GSPC,concat_a,2024-05-13,0.31384615384615383,0.004630568696302296,1
GSPC,concat_a,2024-05-14,-0.013846153846153848,0.005923378922743659,1
GSPC,concat_a,2024-05-15,0.35846153846153844,0.005817647424992107,1
GSPC,concat_a,2024-05-16,0.30846153846153845,0.0053834289087898645,1
GSPC,concat_a,2024-05-17,-0.009999999999999998,0.006002884255094554,1
GSPC,concat_a,2024-05-20,0.19076923076923075,0.00778651921544218,1
GSPC,concat_a,2024-05-21,-0.05538461538461539,0.0067820071929599645,1
GSPC,concat_a,2024-05-22,-0.20846153846153848,0.006658834264380812,1
GSPC,concat_a,2024-05-23,0.18769230769230769,0.005740261489991051,1
GSPC,concat_a,2024-05-24,-0.16538461538461538,0.006857174895703748,1
GSPC,concat_a,2024-05-28,0.2976923076923077,0.006171734664821964,0
GSPC,concat_a,2024-05-29,-0.07692307692307691,0.0053130980947753035,0
GSPC,concat_a,2024-05-30,-0.27153846153846156,0.005470148173626463,0
GSPC,concat_a,2024-05-31,0.3853846153846154,0.007530958016868621,0
GSPC,concat_a,2024-06-03,0.25846153846153846,0.005396209135651532,0
GSPC,concat_a,2024-06-04,-0.09923076923076923,0.0054938899760599525,0
GSPC,concat_a,2024-06-05,0.02846153846153846,0.008026836435310457,0
GSPC,concat_a,2024-06-06,-0.27153846153846156,0.007946817703777849,0
GSPC,concat_a,2024-06-07,-0.06230769230769231,0.0074831277535121555,0
GSPC,concat_a,2024-06-10,-0.05692307692307692,0.011587499938905153,0
GSPC,concat_a,2024-06-11,0.21923076923076923,0.01098715485306449,0
GSPC,concat_a,2024-06-12,-0.09999999999999999,0.006226945770904365,0
GSPC,concat_a,2024-06-13,-0.12230769230769231,0.007367136409156912,0
GSPC,concat_a,2024-06-14,0.3776923076923077,0.008330365493893592,0
GSPC,concat_a,2024-06-17,-0.10846153846153846,0.0076754857320338234,0
GSPC,concat_a,2024-06-18,0.2976923076923077,0.006851560560753531,0
GSPC,concat_a,2024-06-20,0.3561538461538461,0.005733553172904024,0
GSPC,concat_a,2024-06-21,-0.0876923076923077,0.007155232167569869,0
GSPC,concat_a,2024-06-24,0.42615384615384616,0.009027404938824413,0
GSPC,concat_a,2024-06-25,0.15999999999999998,0.008357810191810072,0
GSPC,concat_a,2024-06-26,0.013076923076923076,0.006674231860379168,0
GSPC,concat_a,2024-06-27,0.023076923076923078,0.00703870413941326,0
GSPC,concat_a,2024-06-28,0.03,0.0070383376872632086,0
GSPC,concat_a,2024-07-01,-0.17923076923076922,0.006228066220064585,0
GSPC,concat_a,2024-07-02,-0.24846153846153846,0.005020650802471173,0
GSPC,concat_a,2024-07-03,0.4976923076923077,0.00570575915626246,0
GSPC,concat_a,2024-07-05,-0.3623076923076923,0.008301283507607836,0
GSPC,concat_a,2024-07-08,0.43076923076923074,0.00864247552759476,0
GSPC,concat_a,2024-07-09,-0.47307692307692306,0.009135644589550757,0
GSPC,concat_a,2024-07-10,-0.22999999999999998,0.009418180326465476,0
GSPC,concat_a,2024-07-11,0.013076923076923076,0.006754536365624464,0
GSPC,concat_a,2024-07-12,-0.016923076923076923,0.006825098777189787,0
GSPC,concat_a,2024-07-15,0.30230769230769233,0.0075096739130094126,0
GSPC,concat_a,2024-07-16,0.40076923076923077,0.01083970985840999,0
GSPC,concat_a,2024-07-17,0.20230769230769227,0.007182641872204774,0
GSPC,concat_a,2024-07-18,-0.27999999999999997,0.006281581734547146,0
GSPC,concat_a,2024-07-19,-0.2053846153846154,0.005956253482727312,0
GSPC,concat_a,2024-07-22,-0.16846153846153847,0.007568642380647345,0
GSPC,concat_a,2024-07-23,0.4392307692307692,0.01149543698178602,0
GSPC,concat_a,2024-07-24,0.3230769230769231,0.009538491995772317,0
GSPC,concat_a,2024-07-25,-0.08307692307692309,0.011544106256915224,1
GSPC,concat_a,2024-07-26,-0.06846153846153846,0.00955443168990307,1
GSPC,concat_a,2024-07-29,-0.32692307692307687,0.010161480684764627,1
GSPC,concat_a,2024-07-30,-0.5576923076923077,0.009581661652773577,1
GSPC,concat_a,2024-07-31,-0.4084615384615385,0.010637700743973223,1
GSPC,concat_a,2024-08-01,0.15076923076923077,0.009798573402222212,1
GSPC,concat_a,2024-08-02,-0.18461538461538463,0.011747212884947615,1
GSPC,concat_a,2024-08-05,-0.1423076923076923,0.009353892030194355,1
GSPC,concat_a,2024-08-06,-0.3546153846153846,0.005802857622038544,1
GSPC,concat_a,2024-08-07,-0.2892307692307692,0.00560013980371874,1
GSPC,concat_a,2024-08-08,-0.03230769230769231,0.0040842590937972675,1
GSPC,concat_a,2024-08-09,0.1946153846153846,0.005519225664902424,1
GSPC,concat_a,2024-08-12,0.6023076923076923,0.00639091481425562,1
GSPC,concat_a,2024-08-13,-0.19538461538461538,0.006113133756443804,1
GSPC,concat_a,2024-08-14,-0.42923076923076925,0.0049062783371482096,1
GSPC,concat_a,2024-08-15,-0.42153846153846153,0.004957728611770976,1
GSPC,concat_a,2024-08-16,0.19,0.0034249715512850677,1
GSPC,concat_a,2024-08-19,-0.30000000000000004,0.004112782670417768,1
GSPC,concat_a,2024-08-20,0.09230769230769231,0.00287827836124046,1
GSPC,concat_a,2024-08-21,-0.27384615384615385,0.00347555910353544,1
GSPC,concat_a,2024-08-22,0.22461538461538463,0.003323117789695913,1
GSPC,concat_a,2024-08-23,-0.08692307692307692,0.00563995168486141,1
GSPC,concat_a,2024-08-26,0.3384615384615385,0.004989095675991788,1
GSPC,concat_a,2024-08-27,-0.2907692307692308,0.005170106175937648,1
GSPC,concat_a,2024-08-28,-0.14076923076923076,0.00440775119874155,1
GSPC,concat_a,2024-08-29,-0.15461538461538463,0.005297805123991488,1
GSPC,concat_a,2024-08-30,-0.03,0.006490317295538235,1
GSPC,concat_a,2024-09-03,-0.19153846153846155,0.007214446210418795,1
GSPC,concat_a,2024-09-04,-0.22384615384615386,0.0068937918881419565,1
GSPC,concat_a,2024-09-05,0.1446153846153846,0.005647997472842649,1
GSPC,concat_a,2024-09-06,-0.03153846153846154,0.004520245650783144,1
GSPC,concat_a,2024-09-09,-0.21461538461538462,0.007429149883100715,1
GSPC,concat_a,2024-09-10,0.3707692307692308,0.007759703730698622,1
GSPC,concat_a,2024-09-11,0.57,0.008465858121635335,1
GSPC,concat_a,2024-09-12,-0.2907692307692308,0.008306676838546953,1
GSPC,concat_a,2024-09-13,-0.22615384615384618,0.006634959045331873,1
GSPC,concat_a,2024-09-16,-0.47846153846153844,0.007580857584252892,1
GSPC,concat_a,2024-09-17,-0.4753846153846154,0.007875421540811613,1
GSPC,concat_a,2024-09-18,0.043076923076923075,0.0060938331458236785,1
GSPC,concat_a,2024-09-19,-0.2169230769230769,0.006023684358224236,1
GSPC,concat_a,2024-09-20,0.07769230769230769,0.006571309587452525,1
GSPC,concat_a,2024-09-23,-0.020769230769230772,0.00397720257838948,1
GSPC,concat_a,2024-09-24,-0.14307692307692307,0.003997689069365104,1
GSPC,concat_a,2024-09-25,-0.24923076923076923,0.005531666208989896,1
GSPC,concat_a,2024-09-26,0.38,0.005515349564957377,1
GSPC,concat_a,2024-09-27,-0.015384615384615384,0.005302076219929818,1
GSPC,concat_a,2024-09-30,-0.018461538461538463,0.007806977995351144,1
GSPC,concat_a,2024-10-01,-0.5323076923076923,0.0083449247447424,1
GSPC,concat_a,2024-10-02,0.5023076923076923,0.007769592362455956,1
GSPC,concat_a,2024-10-03,-0.2953846153846154,0.0068779318182350235,1
GSPC,concat_a,2024-10-04,-0.32692307692307687,0.007116418802179328,1
GSPC,concat_a,2024-10-07,-0.13384615384615384,0.0054592618189053,1
GSPC,concat_a,2024-10-08,-0.05538461538461539,0.004392927396111132,1
GSPC,concat_a,2024-10-09,-0.24846153846153846,0.006499884338118096,1
GSPC,concat_a,2024-10-10,0.45307692307692304,0.006142817855579729,1
GSPC,concat_a,2024-10-11,-0.004615384615384616,0.006048148710979092,1
GSPC,concat_a,2024-10-14,-0.22846153846153847,0.007746826130896755,1
GSPC,concat_a,2024-10-15,-0.2630769230769231,0.00846522640022152,1
GSPC,concat_a,2024-10-16,-0.4753846153846154,0.007711871537030611,0
GSPC,concat_a,2024-10-17,-0.17076923076923078,0.00599162334226996,0
GSPC,concat_a,2024-10-18,-0.4123076923076923,0.00751146404771126,0
GSPC,concat_a,2024-10-21,0.4553846153846154,0.00825183118227863,0
GSPC,concat_a,2024-10-22,0.1723076923076923,0.006257446297095107,0
GSPC,concat_a,2024-10-23,-0.15461538461538463,0.006693464133859308,0
GSPC,concat_a,2024-10-24,0.19307692307692306,0.005797228752926416,0
GSPC,concat_a,2024-10-25,-0.10538461538461538,0.006255582513767831,0
GSPC,concat_a,2024-10-28,0.19615384615384615,0.007435398058150865,0
GSPC,concat_a,2024-10-29,0.3576923076923077,0.00937062619719651,0
GSPC,concat_a,2024-10-30,0.363076923076923,0.010305535735096731,0
GSPC,concat_a,2024-10-31,-0.30846153846153845,0.011174506524112015,0
GSPC,concat_a,2024-11-01,-0.17153846153846153,0.009424088838277335,0
GSPC,concat_a,2024-11-04,-0.15000000000000002,0.01030378257622937,0
GSPC,concat_a,2024-11-05,0.18846153846153846,0.010498314147989674,0
GSPC,concat_a,2024-11-06,0.2353846153846154,0.007143532666377676,0
GSPC,concat_a,2024-11-07,-0.36846153846153845,0.0061102408084843345,1
GSPC,concat_a,2024-11-08,-0.30153846153846153,0.007367486674338512,1
GSPC,concat_a,2024-11-11,-0.13384615384615384,0.00875943373845069,1
GSPC,concat_a,2024-11-12,0.2069230769230769,0.007965556549243002,1
GSPC,concat_a,2024-11-13,-0.18923076923076923,0.006948642389615943,1
GSPC,concat_a,2024-11-14,-0.2776923076923077,0.007590235709212696,1
GSPC,concat_a,2024-11-15,0.24846153846153846,0.0071493735461262585,1
GSPC,concat_a,2024-11-18,-0.07692307692307691,0.007204733209218805,1
GSPC,concat_a,2024-11-19,-0.12230769230769231,0.007987243016250404,1
GSPC,concat_a,2024-11-20,0.4592307692307693,0.008108179982518733,1
GSPC,concat_a,2024-11-21,0.18076923076923077,0.006993244253098927,1
GSPC,concat_a,2024-11-22,0.3561538461538461,0.008666713830316362,1
GSPC,concat_a,2024-11-25,0.18230769230769234,0.009370431100251087,1
GSPC,concat_a,2024-11-26,0.2376923076923077,0.009408185500651528,1
GSPC,concat_a,2024-11-27,-0.24923076923076923,0.010474508786573935,1
GSPC,concat_a,2024-11-29,0.10846153846153846,0.011068693562410708,1
GSPC,concat_a,2024-12-02,0.1746153846153846,0.009786134727764796,1
GSPC,concat_a,2024-12-03,-0.43769230769230766,0.012347747652092879,1
GSPC,concat_a,2024-12-04,0.016153846153846154,0.011502928673289644,1
GSPC,concat_a,2024-12-05,-0.4076923076923077,0.010762469868641256,1
GSPC,concat_a,2024-12-06,-0.06846153846153846,0.011826343492139044,1
GSPC,concat_a,2024-12-09,-0.07692307692307691,0.009882402294315324,1
GSPC,concat_a,2024-12-10,-0.21307692307692308,0.00797564165433861,1
GSPC,concat_a,2024-12-11,-0.10076923076923076,0.009218854196951651,1
GSPC,concat_a,2024-12-12,0.09153846153846153,0.009950499094084022,1
GSPC,concat_a,2024-12-13,0.3384615384615385,0.009601657809689596,1
GSPC,concat_a,2024-12-16,-0.11538461538461539,0.007852888421621124,0
GSPC,concat_a,2024-12-17,-0.041538461538461545,0.006460256022401119,0
GSPC,concat_a,2024-12-18,-0.44461538461538463,0.008445371002890148,0
GSPC,concat_a,2024-12-19,0.36153846153846153,0.009047502881148792,1
GSPC,concat_a,2024-12-20,0.19153846153846155,0.006969607331848192,1
GSPC,static,2024-04-16,-0.3676923076923077,0.008718905852874673,1
GSPC,static,2024-04-17,-0.1423076923076923,0.007999921862501593,1
GSPC,static,2024-04-18,-0.38384615384615384,0.009629985960200364,0
GSPC,static,2024-04-19,-0.21000000000000002,0.011393151767551835,0
GSPC,static,2024-04-22,-0.2892307692307692,0.009731445165816631,0
GSPC,static,2024-04-23,-0.07076923076923076,0.006529327274765776,0
GSPC,static,2024-04-24,0.07153846153846154,0.006198067087097973,1
GSPC,static,2024-04-25,-0.14846153846153848,0.006997986700589482,0
GSPC,static,2024-04-26,0.18461538461538463,0.007589637996716136,0
GSPC,static,2024-04-29,0.06846153846153846,0.007309297781903246,1
GSPC,static,2024-04-30,-0.07538461538461538,0.005980160635517635,1
GSPC,static,2024-05-01,0.23153846153846153,0.007533090412616676,1
GSPC,static,2024-05-02,0.14923076923076922,0.006534612909599642,1
GSPC,static,2024-05-03,0.30615384615384617,0.006512885461561345,1
GSPC,static,2024-05-06,-0.003846153846153846,0.0052157577860634345,1
GSPC,static,2024-05-07,-0.27307692307692305,0.0059359438897808444,1
GSPC,static,2024-05-08,0.020769230769230772,0.004996476389933348,1
GSPC,static,2024-05-09,-0.04461538461538461,0.005518685370916447,1
GSPC,static,2024-05-10,0.12615384615384617,0.0054704717040294296,1
GSPC,static,2024-05-13,0.27999999999999997,0.004549482239526623,1
GSPC,static,2024-05-14,-0.061538461538461535,0.005936079378006911,1
GSPC,static,2024-05-15,0.28076923076923077,0.005746773330029043,1
GSPC,static,2024-05-16,0.1476923076923077,0.005244025751853707,1
GSPC,static,2024-05-17,0.15538461538461537,0.005865434533288815,1
GSPC,static,2024-05-20,0.057692307692307696,0.0076822915533557015,1
GSPC,static,2024-05-21,-0.13999999999999999,0.006806829626439101,1
GSPC,static,2024-05-22,-0.01923076923076923,0.006646832869155263,1
GSPC,static,2024-05-23,0.26384615384615384,0.005618329162243715,1
GSPC,static,2024-05-24,-0.12538461538461537,0.007026662514544966,1
GSPC,static,2024-05-28,0.12076923076923077,0.006195724616991308,0
GSPC,static,2024-05-29,-0.04076923076923076,0.005385687760426613,0
GSPC,static,2024-05-30,-0.12615384615384617,0.005402520147617851,0
GSPC,static,2024-05-31,0.30230769230769233,0.007224632760044155,0
GSPC,static,2024-06-03,-0.002307692307692308,0.005214535240083889,0
GSPC,static,2024-06-04,-0.3392307692307693,0.005601413507247277,0
GSPC,static,2024-06-05,-0.2846153846153846,0.00792776934336864,0
GSPC,static,2024-06-06,-0.06307692307692309,0.007754925020271849,0
GSPC,static,2024-06-07,0.11307692307692309,0.007137694995180878,0
GSPC,static,2024-06-10,0.07461538461538461,0.011279814476147232,0
GSPC,static,2024-06-11,0.06307692307692309,0.010855541836935973,0
GSPC,static,2024-06-12,0.04461538461538461,0.006234151674434473,0
GSPC,static,2024-06-13,0.21999999999999997,0.00721014261653178,0
GSPC,static,2024-06-14,0.48923076923076925,0.008267822340130782,0
GSPC,static,2024-06-17,0.06230769230769231,0.00778296661563215,0
GSPC,static,2024-06-18,0.2646153846153846,0.006620395866921156,0
GSPC,static,2024-06-20,0.2907692307692308,0.005580875332816483,0
GSPC,static,2024-06-21,-0.38,0.0073374115431214925,0
GSPC,static,2024-06-24,0.08076923076923077,0.009063244913704631,0
GSPC,static,2024-06-25,-0.21153846153846154,0.008434887640178133,0
GSPC,static,2024-06-26,-0.036923076923076927,0.006688317457737816,0
GSPC,static,2024-06-27,-0.12076923076923077,0.007023603302659428,0
GSPC,static,2024-06-28,-0.04692307692307692,0.006953722207108446,0
GSPC,static,2024-07-01,-0.25230769230769234,0.006208085849066206,0
GSPC,static,2024-07-02,-0.013846153846153848,0.004903936646587641,0
GSPC,static,2024-07-03,0.2746153846153846,0.005655776787316403,0
GSPC,static,2024-07-05,-0.09692307692307693,0.008445012955926305,0
GSPC,static,2024-07-08,0.22692307692307692,0.00866221867210693,0
GSPC,static,2024-07-09,-0.39307692307692305,0.009343764339573638,0
GSPC,static,2024-07-10,-0.19692307692307692,0.009511796662118238,0
GSPC,static,2024-07-11,0.19076923076923075,0.0065929410210810125,0
GSPC,static,2024-07-12,-0.03769230769230769,0.006842208588495781,0
GSPC,static,2024-07-15,0.4930769230769231,0.007273555775172976,0
GSPC,static,2024-07-16,0.5807692307692308,0.010519356946460851,0
GSPC,static,2024-07-17,0.2230769230769231,0.006975913592614176,0
GSPC,static,2024-07-18,0.08692307692307692,0.006070169125923647,0
GSPC,static,2024-07-19,-0.10923076923076921,0.0059811980265658034,0
GSPC,static,2024-07-22,0.043076923076923075,0.007685625436715755,0
GSPC,static,2024-07-23,0.6784615384615386,0.011437835588585556,0
GSPC,static,2024-07-24,0.27999999999999997,0.009549865456065112,0
GSPC,static,2024-07-25,0.1476923076923077,0.01154836576315571,1
GSPC,static,2024-07-26,-0.03153846153846154,0.009576058341190156,1
GSPC,static,2024-07-29,0.033846153846153845,0.010098725338466407,1
GSPC,static,2024-07-30,-0.5230769230769231,0.00979103250429028,1
GSPC,static,2024-07-31,-0.1723076923076923,0.0106643276289105,1
GSPC,static,2024-08-01,0.06615384615384615,0.009844504443462911,1
GSPC,static,2024-08-02,-0.12461538461538461,0.011939685819670486,1
GSPC,static,2024-08-05,-0.023846153846153843,0.009453780772164412,1
GSPC,static,2024-08-06,-0.1346153846153846,0.005925535943824763,1
GSPC,static,2024-08-07,-0.03769230769230769,0.005720549754332704,1
GSPC,static,2024-08-08,-0.03153846153846154,0.004095304728543818,1
GSPC,static,2024-08-09,-0.07846153846153846,0.005593702520709441,1
GSPC,static,2024-08-12,0.2676923076923077,0.006291400091431536,1
GSPC,static,2024-08-13,-0.13153846153846155,0.006169332750141567,1
GSPC,static,2024-08-14,-0.2930769230769231,0.005018319572118288,1
GSPC,static,2024-08-15,-0.26615384615384613,0.00512520332122217,1
GSPC,static,2024-08-16,0.2684615384615385,0.003329042643890664,1
GSPC,static,2024-08-19,-0.2869230769230769,0.004342638148227647,1
GSPC,static,2024-08-20,-0.28076923076923077,0.003063198558593248,1
GSPC,static,2024-08-21,-0.27999999999999997,0.00358686650288286,1
GSPC,static,2024-08-22,0.06461538461538462,0.0033949782018316333,1
GSPC,static,2024-08-23,-0.24230769230769234,0.005915513792424404,1
GSPC,static,2024-08-26,-0.1776923076923077,0.005142993080662502,1
GSPC,static,2024-08-27,-0.3276923076923077,0.005391260027536132,1
GSPC,static,2024-08-28,-0.13076923076923078,0.0046065904450369325,1
GSPC,static,2024-08-29,0.049999999999999996,0.005157418006128786,1
GSPC,static,2024-08-30,-0.046153846153846156,0.006693167398916508,1
GSPC,static,2024-09-03,-0.07076923076923076,0.007333457910572118,1
GSPC,static,2024-09-04,-0.09999999999999999,0.006971214745426497,1
GSPC,static,2024-09-05,0.03461538461538462,0.0057752402764162485,1
GSPC,static,2024-09-06,0.48538461538461536,0.004413832216523547,1
GSPC,static,2024-09-09,0.16692307692307692,0.00739260619156989,1
GSPC,static,2024-09-10,0.4476923076923077,0.00755201760446648,1
GSPC,static,2024-09-11,0.6584615384615385,0.008058713971404334,1
GSPC,static,2024-09-12,0.03230769230769231,0.008259881529957,1
GSPC,static,2024-09-13,-0.06615384615384615,0.00668776553822675,1
GSPC,static,2024-09-16,-0.10384615384615385,0.007526893625035824,1
GSPC,static,2024-09-17,-0.13307692307692306,0.007914041178300935,1
GSPC,static,2024-09-18,0.027692307692307697,0.006052422239117675,1
GSPC,static,2024-09-19,-0.11307692307692309,0.0060407800786196775,1
GSPC,static,2024-09-20,0.11461538461538462,0.006543680548202207,1
GSPC,static,2024-09-23,-0.1446153846153846,0.003950361712777468,1
GSPC,static,2024-09-24,-0.40076923076923077,0.00422625231847626,1
GSPC,static,2024-09-25,-0.23307692307692307,0.0057658400433137505,1
GSPC,static,2024-09-26,0.14384615384615382,0.005465092091471851,1
GSPC,static,2024-09-27,-0.07769230769230769,0.00526535528839983,1
GSPC,static,2024-09-30,-0.2369230769230769,0.007894324131921116,1
GSPC,static,2024-10-01,-0.39307692307692305,0.008451116677897446,1
GSPC,static,2024-10-02,0.3392307692307693,0.007612695875577577,1
GSPC,static,2024-10-03,-0.09769230769230769,0.006952612265813451,1
GSPC,static,2024-10-04,-0.13615384615384615,0.007196016334928491,1
GSPC,static,2024-10-07,0.04923076923076923,0.005453802331467099,1
GSPC,static,2024-10-08,-0.19307692307692306,0.0044425459858029445,1
GSPC,static,2024-10-09,-0.1276923076923077,0.006598931066691822,1
GSPC,static,2024-10-10,0.37461538461538463,0.006019066917942791,1
GSPC,static,2024-10-11,0.03923076923076923,0.00601253124303179,1
GSPC,static,2024-10-14,-0.05461538461538461,0.007820005733519748,1
GSPC,static,2024-10-15,-0.18846153846153846,0.008607417841485495,1
GSPC,static,2024-10-16,-0.09538461538461537,0.007586567076505101,0
GSPC,static,2024-10-17,-0.041538461538461545,0.005928840875858385,0
GSPC,static,2024-10-18,-0.2376923076923077,0.0073796126130036286,0
GSPC,static,2024-10-21,0.2323076923076923,0.008138298341073038,0
GSPC,static,2024-10-22,0.1946153846153846,0.006103795752278476,0
GSPC,static,2024-10-23,0.005384615384615384,0.006680775925487915,0
GSPC,static,2024-10-24,0.3484615384615385,0.00566201826761239,0
GSPC,static,2024-10-25,0.06923076923076923,0.006268072369057286,0
GSPC,static,2024-10-28,0.46076923076923076,0.0072926425497280255,0
GSPC,static,2024-10-29,0.29615384615384616,0.00940169929061082,0
GSPC,static,2024-10-30,0.09307692307692307,0.010234204770531465,0
GSPC,static,2024-10-31,-0.1769230769230769,0.011261873377952656,0
GSPC,static,2024-11-01,-0.13615384615384615,0.009549165609059806,0
GSPC,static,2024-11-04,-0.31846153846153846,0.010403980070259358,0
GSPC,static,2024-11-05,0.13384615384615384,0.010389310365717339,0
GSPC,static,2024-11-06,0.10846153846153846,0.007180955656804097,0
GSPC,static,2024-11-07,-0.09076923076923075,0.0062626734217337285,1
GSPC,static,2024-11-08,-0.34384615384615386,0.007619786532595684,1
GSPC,static,2024-11-11,-0.03615384615384615,0.008757722787122417,1
GSPC,static,2024-11-12,0.09384615384615384,0.00798807928491437,1
GSPC,static,2024-11-13,0.049999999999999996,0.006808957635657811,1
GSPC,static,2024-11-14,-0.07153846153846154,0.00775538438465442,1
GSPC,static,2024-11-15,0.3723076923076923,0.0071144794969586365,1
GSPC,static,2024-11-18,0.09384615384615384,0.007316301928367432,1
GSPC,static,2024-11-19,-0.016923076923076923,0.008166309674270416,1
GSPC,static,2024-11-20,0.4076923076923077,0.007920561548089573,1
GSPC,static,2024-11-21,0.4338461538461538,0.00673831054940816,1
GSPC,static,2024-11-22,0.48384615384615387,0.008384958062088062,1
GSPC,static,2024-11-25,0.3976923076923076,0.009106075559975535,1
GSPC,static,2024-11-26,0.3253846153846154,0.009066988844424435,1
GSPC,static,2024-11-27,-0.08461538461538462,0.010346773350611271,1
GSPC,static,2024-11-29,-0.12461538461538461,0.010994990929029827,1
GSPC,static,2024-12-02,0.11846153846153845,0.009678368933964456,1
GSPC,static,2024-12-03,-0.696923076923077,0.01246571537689297,1
GSPC,static,2024-12-04,0.15615384615384614,0.01120149636175478,1
GSPC,static,2024-12-05,-0.4130769230769231,0.010828658144455307,1
GSPC,static,2024-12-06,-0.011538461538461539,0.011701107749249715,1
GSPC,static,2024-12-09,-0.0876923076923077,0.009660057874862038,1
GSPC,static,2024-12-10,-0.3738461538461539,0.007889298663940216,1
GSPC,static,2024-12-11,-0.09153846153846153,0.009155173488543288,1
GSPC,static,2024-12-12,-0.025384615384615387,0.010006828761652225,1
GSPC,static,2024-12-13,0.2692307692307692,0.00948396853171284,1
GSPC,static,2024-12-16,-0.05461538461538461,0.007906930164899602,0
GSPC,static,2024-12-17,0.12692307692307694,0.006457035527564542,0
GSPC,static,2024-12-18,-0.21000000000000002,0.008512027827091479,0
GSPC,static,2024-12-19,0.3707692307692308,0.008830429023364528,1
GSPC,static,2024-12-20,0.16461538461538464,0.006797537067031924,1
GSPC,tau_rope,2024-04-16,-0.39384615384615385,0.00835965223028321,1
GSPC,tau_rope,2024-04-17,-0.4976923076923077,0.007694209602195714,1
GSPC,tau_rope,2024-04-18,-0.4438461538461538,0.00921845258213575,0
GSPC,tau_rope,2024-04-19,-0.3546153846153846,0.010917903706431338,0
GSPC,tau_rope,2024-04-22,-0.43769230769230766,0.009459825383964868,0
GSPC,tau_rope,2024-04-23,-0.10923076923076921,0.006344467347953421,0
GSPC,tau_rope,2024-04-24,-0.05461538461538461,0.006157572591328012,1
GSPC,tau_rope,2024-04-25,-0.08384615384615385,0.006804964807088199,0
GSPC,tau_rope,2024-04-26,0.09153846153846153,0.007456470891920568,0
GSPC,tau_rope,2024-04-29,0.06999999999999999,0.007237969769630536,1
GSPC,tau_rope,2024-04-30,-0.24615384615384614,0.005882282984530272,1
GSPC,tau_rope,2024-05-01,-0.05307692307692308,0.007418278979603149,1
GSPC,tau_rope,2024-05-02,-0.05538461538461539,0.006454354450397608,1
GSPC,tau_rope,2024-05-03,-0.2276923076923077,0.006904067394789239,1
GSPC,tau_rope,2024-05-06,-0.31153846153846154,0.005159748380538013,1
GSPC,tau_rope,2024-05-07,-0.21384615384615382,0.0056741017854073416,1
GSPC,tau_rope,2024-05-08,0.027692307692307697,0.004891309358645194,1
GSPC,tau_rope,2024-05-09,-0.04384615384615385,0.005410632583079814,1
GSPC,tau_rope,2024-05-10,0.2376923076923077,0.005255047132377482,1
GSPC,tau_rope,2024-05-13,0.31384615384615383,0.004257149164914128,1
GSPC,tau_rope,2024-05-14,0.18769230769230769,0.005535338612971792,1
GSPC,tau_rope,2024-05-15,0.2538461538461539,0.005368590054567872,1
GSPC,tau_rope,2024-05-16,-0.4553846153846154,0.005062384467200851,1
GSPC,tau_rope,2024-05-17,-0.08615384615384615,0.00580289352747963,1
GSPC,tau_rope,2024-05-20,-0.13076923076923078,0.007630833429284345,1
GSPC,tau_rope,2024-05-21,-0.09538461538461537,0.0067066650243941235,1
GSPC,tau_rope,2024-05-22,-0.3976923076923076,0.006679323656717251,1
GSPC,tau_rope,2024-05-23,0.19769230769230767,0.005726423298474349,1
GSPC,tau_rope,2024-05-24,-0.05153846153846154,0.006914832885377066,1
GSPC,tau_rope,2024-05-28,-0.019999999999999997,0.006088315278757322,0
GSPC,tau_rope,2024-05-29,0.01923076923076923,0.005365627096616616,0
GSPC,tau_rope,2024-05-30,0.006153846153846154,0.005067259964998785,0
GSPC,tau_rope,2024-05-31,-0.18307692307692305,0.007093736815731949,0
GSPC,tau_rope,2024-06-03,-0.010769230769230769,0.005071155466139281,0
GSPC,tau_rope,2024-06-04,-0.14384615384615382,0.005244855607161244,0
GSPC,tau_rope,2024-06-05,-0.5123076923076924,0.007454191106371537,0
GSPC,tau_rope,2024-06-06,-0.21384615384615382,0.007400307155912707,0
GSPC,tau_rope,2024-06-07,-0.3815384615384615,0.006722623241803334,0
GSPC,tau_rope,2024-06-10,-0.33,0.010666345627978408,0
GSPC,tau_rope,2024-06-11,-0.25846153846153846,0.010380868401844014,0
GSPC,tau_rope,2024-06-12,-0.1523076923076923,0.006124122841283624,0
GSPC,tau_rope,2024-06-13,0.08230769230769232,0.007517472137114905,0
GSPC,tau_rope,2024-06-14,0.1776923076923077,0.00883742281235749,0
GSPC,tau_rope,2024-06-17,0.07615384615384616,0.008204152667894909,0
GSPC,tau_rope,2024-06-18,0.26692307692307693,0.0070099657529499,0
GSPC,tau_rope,2024-06-20,0.32615384615384607,0.0058951208874350024,0
GSPC,tau_rope,2024-06-21,-0.20846153846153848,0.007182833125116253,0
GSPC,tau_rope,2024-06-24,-0.2353846153846154,0.008901665350422212,0
GSPC,tau_rope,2024-06-25,-0.37461538461538463,0.008086112961173016,0
GSPC,tau_rope,2024-06-26,-0.018461538461538463,0.006529095599835226,0
GSPC,tau_rope,2024-06-27,-0.14615384615384616,0.006629928596084899,0
GSPC,tau_rope,2024-06-28,-0.09615384615384616,0.006729013215517579,0
GSPC,tau_rope,2024-07-01,0.06923076923076923,0.005834452056442356,0
GSPC,tau_rope,2024-07-02,0.35,0.004824650138325497,0
GSPC,tau_rope,2024-07-03,0.3661538461538461,0.0058694387518334916,0
GSPC,tau_rope,2024-07-05,0.18769230769230769,0.008483045934699425,0
GSPC,tau_rope,2024-07-08,0.26076923076923075,0.008860392508213357,0
GSPC,tau_rope,2024-07-09,0.025384615384615387,0.009227952812798278,0
GSPC,tau_rope,2024-07-10,0.1623076923076923,0.009583309756126191,0
GSPC,tau_rope,2024-07-11,0.24923076923076923,0.006422927824314643,0
GSPC,tau_rope,2024-07-12,0.10615384615384615,0.006538548776879863,0
GSPC,tau_rope,2024-07-15,0.4684615384615385,0.007276711543090594,0
GSPC,tau_rope,2024-07-16,0.54,0.010143609154038098,0
GSPC,tau_rope,2024-07-17,0.4138461538461538,0.006747624021954792,0
GSPC,tau_rope,2024-07-18,0.3215384615384615,0.005786827468073118,0
GSPC,tau_rope,2024-07-19,0.23384615384615384,0.006020663749659391,0
GSPC,tau_rope,2024-07-22,0.25769230769230766,0.007941756951622626,0
GSPC,tau_rope,2024-07-23,0.5207692307692308,0.012143707952927739,0
GSPC,tau_rope,2024-07-24,0.37,0.010066203841706667,0
GSPC,tau_rope,2024-07-25,0.24615384615384614,0.011602363121928607,1
GSPC,tau_rope,2024-07-26,-0.23846153846153845,0.009575839964672855,1
GSPC,tau_rope,2024-07-29,-0.33461538461538465,0.01010050777811552,1
GSPC,tau_rope,2024-07-30,-0.6907692307692308,0.009661808405071444,1
GSPC,tau_rope,2024-07-31,-0.27153846153846156,0.010669265538454004,1
GSPC,tau_rope,2024-08-01,0.16384615384615386,0.010018762012477917,1
GSPC,tau_rope,2024-08-02,-0.32076923076923075,0.011976397139951507,1
GSPC,tau_rope,2024-08-05,-0.15538461538461537,0.009695057393982931,1
GSPC,tau_rope,2024-08-06,-0.15846153846153843,0.006061594609636754,1
GSPC,tau_rope,2024-08-07,0.23076923076923078,0.005931276360060962,1
GSPC,tau_rope,2024-08-08,-0.26692307692307693,0.004275966376007939,1
GSPC,tau_rope,2024-08-09,-0.02923076923076923,0.005501538284588568,1
GSPC,tau_rope,2024-08-12,0.5107692307692308,0.0062491226175916195,1
GSPC,tau_rope,2024-08-13,0.34307692307692306,0.006048691822215869,1
GSPC,tau_rope,2024-08-14,0.20230769230769227,0.004979974540619823,1
GSPC,tau_rope,2024-08-15,0.06461538461538462,0.005091561602894161,1
GSPC,tau_rope,2024-08-16,0.40307692307692305,0.003309560771449437,1
GSPC,tau_rope,2024-08-19,0.003846153846153846,0.00417021427652793,1
GSPC,tau_rope,2024-08-20,-0.2030769230769231,0.0030306337912770092,1
GSPC,tau_rope,2024-08-21,-0.27999999999999997,0.003370980710023971,1
GSPC,tau_rope,2024-08-22,-0.2530769230769231,0.0032411686546401507,1
GSPC,tau_rope,2024-08-23,-0.21076923076923076,0.006033118572668096,1
GSPC,tau_rope,2024-08-26,-0.2376923076923077,0.005025849299272455,1
GSPC,tau_rope,2024-08-27,-0.046153846153846156,0.005356893813586747,1
GSPC,tau_rope,2024-08-28,0.03153846153846154,0.004348633790505069,1
GSPC,tau_rope,2024-08-29,0.04538461538461538,0.004879056786157844,1
GSPC,tau_rope,2024-08-30,-0.03153846153846154,0.006743351997574733,1
GSPC,tau_rope,2024-09-03,0.13153846153846155,0.007271508441190205,1
GSPC,tau_rope,2024-09-04,0.28384615384615386,0.00665430385735815,1
GSPC,tau_rope,2024-09-05,0.2030769230769231,0.005702620238589543,1
GSPC,tau_rope,2024-09-06,0.6892307692307692,0.004540648399852177,1
GSPC,tau_rope,2024-09-09,0.061538461538461535,0.007203856067499095,1
GSPC,tau_rope,2024-09-10,0.16846153846153847,0.007942835164721981,1
GSPC,tau_rope,2024-09-11,0.49846153846153846,0.008637572749284972,1
GSPC,tau_rope,2024-09-12,-0.14692307692307693,0.008359368611127078,1
GSPC,tau_rope,2024-09-13,-0.5669230769230769,0.006683216362725877,1
GSPC,tau_rope,2024-09-16,-0.30076923076923073,0.00762576879002147,1
GSPC,tau_rope,2024-09-17,-0.29846153846153844,0.007890853947028473,1
GSPC,tau_rope,2024-09-18,0.007692307692307692,0.005969495543140461,1
GSPC,tau_rope,2024-09-19,-0.13076923076923078,0.00621287945657964,1
GSPC,tau_rope,2024-09-20,-0.20230769230769227,0.006525533839594528,1
GSPC,tau_rope,2024-09-23,-0.012307692307692308,0.0037522590198204304,1
GSPC,tau_rope,2024-09-24,-0.38461538461538464,0.0040742102166404295,1
GSPC,tau_rope,2024-09-25,-0.19999999999999998,0.005971880597062342,1
GSPC,tau_rope,2024-09-26,0.36076923076923073,0.005400392909650651,1
GSPC,tau_rope,2024-09-27,0.09923076923076923,0.005167899102555072,1
GSPC,tau_rope,2024-09-30,-0.10384615384615385,0.007835288218775471,1
GSPC,tau_rope,2024-10-01,0.13076923076923078,0.007975934107380412,1
GSPC,tau_rope,2024-10-02,0.36692307692307696,0.007458903728984281,1
GSPC,tau_rope,2024-10-03,0.15692307692307692,0.006480906019787625,1
GSPC,tau_rope,2024-10-04,0.023846153846153843,0.006703125196509024,1
GSPC,tau_rope,2024-10-07,0.046153846153846156,0.005150725580169776,1
GSPC,tau_rope,2024-10-08,0.04461538461538461,0.004014511378481949,1
GSPC,tau_rope,2024-10-09,0.2746153846153846,0.0065085882646962545,1
GSPC,tau_rope,2024-10-10,0.5115384615384615,0.006082787626655741,1
GSPC,tau_rope,2024-10-11,0.3830769230769231,0.00597359364037398,1
GSPC,tau_rope,2024-10-14,0.30153846153846153,0.007639067787677019,1
GSPC,tau_rope,2024-10-15,-0.061538461538461535,0.008263120245610428,1
GSPC,tau_rope,2024-10-16,0.013076923076923076,0.0071467857150127765,0
GSPC,tau_rope,2024-10-17,-0.07461538461538461,0.0055874807492363775,0
GSPC,tau_rope,2024-10-18,-0.17307692307692307,0.006702734476420995,0
GSPC,tau_rope,2024-10-21,-0.07384615384615385,0.007958909929729967,0
GSPC,tau_rope,2024-10-22,0.006923076923076924,0.005881416983320339,0
GSPC,tau_rope,2024-10-23,-0.2653846153846154,0.006455574426363397,0
GSPC,tau_rope,2024-10-24,0.2053846153846154,0.005815699170052491,0
GSPC,tau_rope,2024-10-25,-0.16846153846153847,0.0064855714780423564,0
GSPC,tau_rope,2024-10-28,-0.016153846153846154,0.007705336749204379,0
GSPC,tau_rope,2024-10-29,0.02923076923076923,0.009653283157385834,0
GSPC,tau_rope,2024-10-30,-0.04076923076923076,0.010346092300023842,0
GSPC,tau_rope,2024-10-31,-0.16384615384615386,0.011134447318036065,0
GSPC,tau_rope,2024-11-01,0.09230769230769231,0.00952621699427248,0
GSPC,tau_rope,2024-11-04,0.025384615384615387,0.01014071897836398,0
GSPC,tau_rope,2024-11-05,0.09153846153846153,0.010414620961819256,0
GSPC,tau_rope,2024-11-06,0.22999999999999998,0.007169051687233093,0
GSPC,tau_rope,2024-11-07,-0.06461538461538462,0.0059825633039872275,1
GSPC,tau_rope,2024-11-08,-0.5069230769230769,0.007343441406264829,1
GSPC,tau_rope,2024-11-11,-0.2323076923076923,0.0083883859957859,1
GSPC,tau_rope,2024-11-12,-0.2653846153846154,0.008008583403789047,1
GSPC,tau_rope,2024-11-13,-0.1523076923076923,0.0068466045672539045,1
GSPC,tau_rope,2024-11-14,0.21461538461538462,0.008009014590643298,1
GSPC,tau_rope,2024-11-15,0.42615384615384616,0.007453157539130121,1
GSPC,tau_rope,2024-11-18,0.19076923076923075,0.007706903556827407,1
GSPC,tau_rope,2024-11-19,0.4238461538461538,0.008394451593048816,1
GSPC,tau_rope,2024-11-20,0.36,0.008321789993205991,1
GSPC,tau_rope,2024-11-21,0.45615384615384613,0.006984805203974216,1
GSPC,tau_rope,2024-11-22,0.4138461538461538,0.008350205164169858,1
GSPC,tau_rope,2024-11-25,0.2030769230769231,0.008977878027362721,1
GSPC,tau_rope,2024-11-26,0.22230769230769232,0.008970558820292318,1
GSPC,tau_rope,2024-11-27,-0.03307692307692307,0.009759280616417492,1
GSPC,tau_rope,2024-11-29,-0.27076923076923076,0.010635641454718974,1
GSPC,tau_rope,2024-12-02,0.03153846153846154,0.009229025349486587,1
GSPC,tau_rope,2024-12-03,-0.38,0.011872995091834997,1
GSPC,tau_rope,2024-12-04,0.11692307692307692,0.01087214996572583,1
GSPC,tau_rope,2024-12-05,-0.3030769230769231,0.010121067080181052,1
GSPC,tau_rope,2024-12-06,-0.10615384615384615,0.0111368714435957,1
GSPC,tau_rope,2024-12-09,-0.4176923076923077,0.009155461927875828,1
GSPC,tau_rope,2024-12-10,-0.42538461538461536,0.007267159649636566,1
GSPC,tau_rope,2024-12-11,-0.033846153846153845,0.008751902878866496,1
GSPC,tau_rope,2024-12-12,-0.026153846153846153,0.009772200972765812,1
GSPC,tau_rope,2024-12-13,0.2376923076923077,0.00948652238585051,1
GSPC,tau_rope,2024-12-16,0.15153846153846154,0.0076759464642963855,0
GSPC,tau_rope,2024-12-17,0.2623076923076923,0.006564589277841097,0
GSPC,tau_rope,2024-12-18,0.2276923076923077,0.008780141375027535,0
GSPC,tau_rope,2024-12-19,0.46153846153846156,0.009165270706871485,1
GSPC,tau_rope,2024-12-20,0.3538461538461538,0.006838515252747992,1
IXIC,concat_a,2024-04-16,-0.5153846153846153,0.008816568242618738,0
IXIC,concat_a,2024-04-17,-0.25153846153846154,0.008048964987974543,0
IXIC,concat_a,2024-04-18,-0.4476923076923077,0.00964624014683061,0
IXIC,concat_a,2024-04-19,-0.16923076923076924,0.011364434538409041,0
IXIC,concat_a,2024-04-22,-0.07307692307692308,0.009662023948039805,0
IXIC,concat_a,2024-04-23,-0.24461538461538462,0.0066098564281127795,0
IXIC,concat_a,2024-04-24,0.07538461538461538,0.006099906814633816,1
IXIC,concat_a,2024-04-25,-0.1776923076923077,0.006821377250162146,0
IXIC,concat_a,2024-04-26,0.1376923076923077,0.0076618129572306685,0
IXIC,concat_a,2024-04-29,0.03846153846153846,0.007326407029759091,1
IXIC,concat_a,2024-04-30,-0.10846153846153846,0.005946536240080553,1
IXIC,concat_a,2024-05-01,0.18769230769230769,0.007568402588367401,1
IXIC,concat_a,2024-05-02,0.26692307692307693,0.006586073175712909,1
IXIC,concat_a,2024-05-03,0.20076923076923076,0.006675174722913616,1
IXIC,concat_a,2024-05-06,0.08307692307692309,0.005275067089823948,1
IXIC,concat_a,2024-05-07,-0.2353846153846154,0.005851104710600268,1
IXIC,concat_a,2024-05-08,0.03307692307692307,0.005136253589298513,1
IXIC,concat_a,2024-05-09,0.04461538461538461,0.005521668881410669,1
IXIC,concat_a,2024-05-10,0.049999999999999996,0.005455283109913524,1
IXIC,concat_a,2024-05-13,0.3376923076923077,0.004557891560834765,1
IXIC,concat_a,2024-05-14,-0.012307692307692308,0.005870551326079232,1
IXIC,concat_a,2024-05-15,0.3484615384615385,0.005763601509388464,1
IXIC,concat_a,2024-05-16,0.3153846153846154,0.005307402178550482,1
IXIC,concat_a,2024-05-17,-0.007692307692307692,0.005966278737714628,1
IXIC,concat_a,2024-05-20,0.1946153846153846,0.007762257442809593,1
IXIC,concat_a,2024-05-21,-0.06769230769230769,0.00673970279633062,1
IXIC,concat_a,2024-05-22,-0.1746153846153846,0.0066457856155465725,1
IXIC,concat_a,2024-05-23,0.1676923076923077,0.005737380499485828,1
IXIC,concat_a,2024-05-24,-0.17307692307692307,0.006854490302503064,1
IXIC,concat_a,2024-05-28,0.2846153846153846,0.006149828467750879,1
IXIC,concat_a,2024-05-29,-0.08923076923076922,0.0053150057879974635,1
IXIC,concat_a,2024-05-30,-0.2723076923076923,0.005471754220779932,1
IXIC,concat_a,2024-05-31,0.3707692307692308,0.007531036694999724,1
IXIC,concat_a,2024-06-03,0.24461538461538462,0.005396828725933972,0
IXIC,concat_a,2024-06-04,-0.07846153846153846,0.0055316575372125355,0
IXIC,concat_a,2024-06-05,0.008461538461538461,0.008071641544811348,0
IXIC,concat_a,2024-06-06,-0.2653846153846154,0.007976574130589081,0
IXIC,concat_a,2024-06-07,-0.09615384615384616,0.007520659308211104,0
IXIC,concat_a,2024-06-10,-0.07307692307692308,0.011632514558732416,0
IXIC,concat_a,2024-06-11,0.21999999999999997,0.011030401301104508,0
IXIC,concat_a,2024-06-12,-0.11153846153846154,0.006240172041580028,0
IXIC,concat_a,2024-06-13,-0.15999999999999998,0.007367686262004963,0
IXIC,concat_a,2024-06-14,0.37615384615384617,0.008298493102192855,0
IXIC,concat_a,2024-06-17,-0.13076923076923078,0.007637205244973272,0
IXIC,concat_a,2024-06-18,0.2792307692307692,0.006832306174328524,0
IXIC,concat_a,2024-06-20,0.3446153846153846,0.005729561449843417,0
IXIC,concat_a,2024-06-21,-0.08384615384615385,0.007163912690011737,0
IXIC,concat_a,2024-06-24,0.43076923076923074,0.00904984876979136,0
IXIC,concat_a,2024-06-25,0.1753846153846154,0.00838258877396576,0
IXIC,concat_a,2024-06-26,0.023076923076923078,0.0066867136690415795,0
IXIC,concat_a,2024-06-27,0.01923076923076923,0.0070743970444891,0
IXIC,concat_a,2024-06-28,0.033846153846153845,0.007064708272227943,0
IXIC,concat_a,2024-07-01,-0.17384615384615384,0.006250329746981079,0
IXIC,concat_a,2024-07-02,-0.2230769230769231,0.005030711470462813,0
IXIC,concat_a,2024-07-03,0.5023076923076923,0.0056981476431246444,0
IXIC,concat_a,2024-07-05,-0.34076923076923077,0.008290121047757528,0
IXIC,concat_a,2024-07-08,0.45,0.008637213033507537,0
IXIC,concat_a,2024-07-09,-0.46307692307692305,0.009127499614842199,0
IXIC,concat_a,2024-07-10,-0.1992307692307692,0.009408354798797472,0
IXIC,concat_a,2024-07-11,0.03769230769230769,0.006763894592877417,0
IXIC,concat_a,2024-07-12,-0.033846153846153845,0.0068237433675676085,0
IXIC,concat_a,2024-07-15,0.2892307692307692,0.007512020547874215,0
IXIC,concat_a,2024-07-16,0.3861538461538461,0.010853083650581468,0
IXIC,concat_a,2024-07-17,0.18,0.007189891883172028,0
IXIC,concat_a,2024-07-18,-0.2884615384615385,0.006236147199997435,0
IXIC,concat_a,2024-07-19,-0.2123076923076923,0.005964135004905947,0
IXIC,concat_a,2024-07-22,-0.17384615384615384,0.007591167385689884,0
IXIC,concat_a,2024-07-23,0.4415384615384615,0.011554077162872975,0
IXIC,concat_a,2024-07-24,0.27692307692307694,0.009583136768778748,0
IXIC,concat_a,2024-07-25,-0.08461538461538462,0.01157801682944406,1
IXIC,concat_a,2024-07-26,-0.08230769230769232,0.009545444203540617,1
IXIC,concat_a,2024-07-29,-0.35230769230769227,0.010160880167968518,1
IXIC,concat_a,2024-07-30,-0.563076923076923,0.009595340024679868,1
IXIC,concat_a,2024-07-31,-0.4230769230769231,0.010649123080074749,1
IXIC,concat_a,2024-08-01,0.1576923076923077,0.009828210619743885,1
IXIC,concat_a,2024-08-02,-0.1769230769230769,0.011795656858012028,1
IXIC,concat_a,2024-08-05,-0.11846153846153845,0.009406284810975152,1
IXIC,concat_a,2024-08-06,-0.3646153846153847,0.005836529477965052,1
IXIC,concat_a,2024-08-07,-0.2784615384615384,0.005655471689533408,1
IXIC,concat_a,2024-08-08,-0.033846153846153845,0.004086616457498144,1
IXIC,concat_a,2024-08-09,0.1769230769230769,0.005514331229496704,1
IXIC,concat_a,2024-08-12,0.5853846153846154,0.006372570590756328,1
IXIC,concat_a,2024-08-13,-0.19384615384615386,0.00612679305486376,1
IXIC,concat_a,2024-08-14,-0.42153846153846153,0.004918380464223401,1
IXIC,concat_a,2024-08-15,-0.37846153846153846,0.004979413377586711,1
IXIC,concat_a,2024-08-16,0.23153846153846153,0.0034109400218584832,1
IXIC,concat_a,2024-08-19,-0.2892307692307692,0.004114254309097256,1
IXIC,concat_a,2024-08-20,0.07307692307692308,0.002881718122007396,1
IXIC,concat_a,2024-08-21,-0.30999999999999994,0.003461767184780852,1
IXIC,concat_a,2024-08-22,0.22153846153846157,0.003300737139652433,1
IXIC,concat_a,2024-08-23,-0.09384615384615384,0.0056657843379070575,1
IXIC,concat_a,2024-08-26,0.33,0.004973264384316212,1
IXIC,concat_a,2024-08-27,-0.26615384615384613,0.005185286286869043,1
IXIC,concat_a,2024-08-28,-0.13307692307692306,0.004384530421229962,1
IXIC,concat_a,2024-08-29,-0.15307692307692308,0.005263956540293209,1
IXIC,concat_a,2024-08-30,-0.016923076923076923,0.00650866986368779,1
IXIC,concat_a,2024-09-03,-0.17153846153846153,0.007213794135604939,1
IXIC,concat_a,2024-09-04,-0.2323076923076923,0.00687377098598512,1
IXIC,concat_a,2024-09-05,0.1776923076923077,0.0056434827190241284,1
IXIC,concat_a,2024-09-06,-0.04384615384615385,0.0045263857534155036,1
IXIC,concat_a,2024-09-09,-0.21923076923076923,0.007410394387552472,1
IXIC,concat_a,2024-09-10,0.3623076923076923,0.007768817876931228,1
IXIC,concat_a,2024-09-11,0.5646153846153846,0.008469836135627653,1
IXIC,concat_a,2024-09-12,-0.33692307692307694,0.008314376566559032,1
IXIC,concat_a,2024-09-13,-0.22384615384615386,0.006632383286487253,1
IXIC,concat_a,2024-09-16,-0.48307692307692307,0.007588542411103797,1
IXIC,concat_a,2024-09-17,-0.4792307692307692,0.007884120838716577,1
IXIC,concat_a,2024-09-18,0.03615384615384615,0.006083913740840158,1
IXIC,concat_a,2024-09-19,-0.20846153846153848,0.006031193649396272,1
IXIC,concat_a,2024-09-20,0.06384615384615384,0.00656710656592618,1
IXIC,concat_a,2024-09-23,-0.02923076923076923,0.003956333800160732,1
IXIC,concat_a,2024-09-24,-0.15461538461538463,0.003995302499388292,1
IXIC,concat_a,2024-09-25,-0.24461538461538462,0.0055592872994020244,1
IXIC,concat_a,2024-09-26,0.3738461538461539,0.005499762950348608,1
IXIC,concat_a,2024-09-27,-0.0015384615384615385,0.005287093400372629,1
IXIC,concat_a,2024-09-30,0.016153846153846154,0.0077873379668744235,1
IXIC,concat_a,2024-10-01,-0.5207692307692308,0.008328560885565772,1
IXIC,concat_a,2024-10-02,0.5023076923076923,0.0077385040698572435,1
IXIC,concat_a,2024-10-03,-0.30769230769230765,0.006846689745652787,1
IXIC,concat_a,2024-10-04,-0.31999999999999995,0.007087987684644689,1
IXIC,concat_a,2024-10-07,-0.14076923076923076,0.005437455459614224,1
IXIC,concat_a,2024-10-08,-0.048461538461538466,0.0043626345274969365,1
IXIC,concat_a,2024-10-09,-0.24769230769230768,0.00650144150946285,1
IXIC,concat_a,2024-10-10,0.45999999999999996,0.006123291373951321,1
IXIC,concat_a,2024-10-11,-0.0015384615384615385,0.006048250336898424,1
IXIC,concat_a,2024-10-14,-0.24230769230769234,0.007749353665858449,1
IXIC,concat_a,2024-10-15,-0.28307692307692306,0.008449498224581416,1
IXIC,concat_a,2024-10-16,-0.46307692307692305,0.0077172380412229525,0
IXIC,concat_a,2024-10-17,-0.18769230769230769,0.00599391365074546,0
IXIC,concat_a,2024-10-18,-0.4076923076923077,0.0075095796468666876,0
IXIC,concat_a,2024-10-21,0.4692307692307692,0.00826276625040912,0
IXIC,concat_a,2024-10-22,0.18,0.006274421699927124,0
IXIC,concat_a,2024-10-23,-0.1776923076923077,0.006707954619050667,0
IXIC,concat_a,2024-10-24,0.1776923076923077,0.005805731057480393,0
IXIC,concat_a,2024-10-25,-0.08461538461538462,0.006253545823055855,0
IXIC,concat_a,2024-10-28,0.18846153846153846,0.007421368018840409,0
IXIC,concat_a,2024-10-29,0.3546153846153846,0.009355949149467017,0
IXIC,concat_a,2024-10-30,0.3553846153846154,0.01030747795244674,0
IXIC,concat_a,2024-10-31,-0.30846153846153845,0.011180534043814937,0
IXIC,concat_a,2024-11-01,-0.15153846153846154,0.009420449974713807,0
IXIC,concat_a,2024-11-04,-0.15000000000000002,0.010308176332618997,0
IXIC,concat_a,2024-11-05,0.18692307692307694,0.010499668663542194,0
IXIC,concat_a,2024-11-06,0.22230769230769232,0.007144169542007092,0
IXIC,concat_a,2024-11-07,-0.37615384615384617,0.006110954019968591,1
IXIC,concat_a,2024-11-08,-0.3069230769230769,0.00736614944413298,1
IXIC,concat_a,2024-11-11,-0.13999999999999999,0.008752369395951903,1
IXIC,concat_a,2024-11-12,0.19076923076923075,0.007957781421355264,1
IXIC,concat_a,2024-11-13,-0.14923076923076922,0.006946088032564096,1
IXIC,concat_a,2024-11-14,-0.30538461538461537,0.007599997161887565,1
IXIC,concat_a,2024-11-15,0.24230769230769234,0.007151766076567546,1
IXIC,concat_a,2024-11-18,-0.07692307692307691,0.007218369559850526,1
IXIC,concat_a,2024-11-19,-0.13846153846153847,0.008010403593070784,1
IXIC,concat_a,2024-11-20,0.44923076923076927,0.008111326213693188,1
IXIC,concat_a,2024-11-21,0.16923076923076924,0.007000230215489828,1
IXIC,concat_a,2024-11-22,0.31384615384615383,0.0086451458896044,1
IXIC,concat_a,2024-11-25,0.14615384615384616,0.009348790376679919,1
IXIC,concat_a,2024-11-26,0.21769230769230768,0.009378815907984893,1
IXIC,concat_a,2024-11-27,-0.27153846153846156,0.010447910809889365,1
IXIC,concat_a,2024-11-29,0.09230769230769231,0.011037120088003515,1
IXIC,concat_a,2024-12-02,0.16692307692307692,0.00974781043129034,1
IXIC,concat_a,2024-12-03,-0.48615384615384616,0.012321854202309562,1
IXIC,concat_a,2024-12-04,-0.01923076923076923,0.011466317414306036,1
IXIC,concat_a,2024-12-05,-0.42923076923076925,0.010726791124325152,1
IXIC,concat_a,2024-12-06,-0.06999999999999999,0.011811020032036981,1
IXIC,concat_a,2024-12-09,-0.06461538461538462,0.00986831950489424,1
IXIC,concat_a,2024-12-10,-0.22076923076923075,0.007967723475303425,1
IXIC,concat_a,2024-12-11,-0.09538461538461537,0.00921313781349447,1
IXIC,concat_a,2024-12-12,0.08307692307692309,0.00994042501504731,1
IXIC,concat_a,2024-12-13,0.31384615384615383,0.0095959911961108,1
IXIC,concat_a,2024-12-16,-0.12538461538461537,0.007863002636004188,0
IXIC,concat_a,2024-12-17,-0.050769230769230775,0.006458053034730217,0
IXIC,concat_a,2024-12-18,-0.45230769230769236,0.008425416261889015,0
IXIC,concat_a,2024-12-19,0.3623076923076923,0.009040806895354712,1
IXIC,concat_a,2024-12-20,0.17307692307692307,0.0069724114323616556,1
IXIC,static,2024-04-16,-0.3676923076923077,0.008718905852874673,0
IXIC,static,2024-04-17,-0.1423076923076923,0.007999921862501593,0
IXIC,static,2024-04-18,-0.38384615384615384,0.009629985960200364,0
IXIC,static,2024-04-19,-0.21000000000000002,0.011393151767551835,0
IXIC,static,2024-04-22,-0.2892307692307692,0.009731445165816631,0
IXIC,static,2024-04-23,-0.07076923076923076,0.006529327274765776,0
IXIC,static,2024-04-24,0.07153846153846154,0.006198067087097973,1
IXIC,static,2024-04-25,-0.14846153846153848,0.006997986700589482,0
IXIC,static,2024-04-26,0.18461538461538463,0.007589637996716136,0
IXIC,static,2024-04-29,0.06846153846153846,0.007309297781903246,1
IXIC,static,2024-04-30,-0.07538461538461538,0.005980160635517635,1
IXIC,static,2024-05-01,0.23153846153846153,0.007533090412616676,1
IXIC,static,2024-05-02,0.14923076923076922,0.006534612909599642,1
IXIC,static,2024-05-03,0.30615384615384617,0.006512885461561345,1
IXIC,static,2024-05-06,-0.003846153846153846,0.0052157577860634345,1
IXIC,static,2024-05-07,-0.27307692307692305,0.0059359438897808444,1
IXIC,static,2024-05-08,0.020769230769230772,0.004996476389933348,1
IXIC,static,2024-05-09,-0.04461538461538461,0.005518685370916447,1
IXIC,static,2024-05-10,0.12615384615384617,0.0054704717040294296,1
IXIC,static,2024-05-13,0.27999999999999997,0.004549482239526623,1
IXIC,static,2024-05-14,-0.061538461538461535,0.005936079378006911,1
IXIC,static,2024-05-15,0.28076923076923077,0.005746773330029043,1
IXIC,static,2024-05-16,0.1476923076923077,0.005244025751853707,1
IXIC,static,2024-05-17,0.15538461538461537,0.005865434533288815,1
IXIC,static,2024-05-20,0.057692307692307696,0.0076822915533557015,1
IXIC,static,2024-05-21,-0.13999999999999999,0.006806829626439101,1
IXIC,static,2024-05-22,-0.01923076923076923,0.006646832869155263,1
IXIC,static,2024-05-23,0.26384615384615384,0.005618329162243715,1
IXIC,static,2024-05-24,-0.12538461538461537,0.007026662514544966,1
IXIC,static,2024-05-28,0.12076923076923077,0.006195724616991308,1
IXIC,static,2024-05-29,-0.04076923076923076,0.005385687760426613,1
IXIC,static,2024-05-30,-0.12615384615384617,0.005402520147617851,1
IXIC,static,2024-05-31,0.30230769230769233,0.007224632760044155,1
IXIC,static,2024-06-03,-0.002307692307692308,0.005214535240083889,0
IXIC,static,2024-06-04,-0.3392307692307693,0.005601413507247277,0
IXIC,static,2024-06-05,-0.2846153846153846,0.00792776934336864,0
IXIC,static,2024-06-06,-0.06307692307692309,0.007754925020271849,0
IXIC,static,2024-06-07,0.11307692307692309,0.007137694995180878,0
IXIC,static,2024-06-10,0.07461538461538461,0.011279814476147232,0
IXIC,static,2024-06-11,0.06307692307692309,0.010855541836935973,0
IXIC,static,2024-06-12,0.04461538461538461,0.006234151674434473,0
IXIC,static,2024-06-13,0.21999999999999997,0.00721014261653178,0
IXIC,static,2024-06-14,0.48923076923076925,0.008267822340130782,0
IXIC,static,2024-06-17,0.06230769230769231,0.00778296661563215,0
IXIC,static,2024-06-18,0.2646153846153846,0.006620395866921156,0
IXIC,static,2024-06-20,0.2907692307692308,0.005580875332816483,0
IXIC,static,2024-06-21,-0.38,0.0073374115431214925,0
IXIC,static,2024-06-24,0.08076923076923077,0.009063244913704631,0
IXIC,static,2024-06-25,-0.21153846153846154,0.008434887640178133,0
IXIC,static,2024-06-26,-0.036923076923076927,0.006688317457737816,0
IXIC,static,2024-06-27,-0.12076923076923077,0.007023603302659428,0
IXIC,static,2024-06-28,-0.04692307692307692,0.006953722207108446,0
IXIC,static,2024-07-01,-0.25230769230769234,0.006208085849066206,0
IXIC,static,2024-07-02,-0.013846153846153848,0.004903936646587641,0
IXIC,static,2024-07-03,0.2746153846153846,0.005655776787316403,0
IXIC,static,2024-07-05,-0.09692307692307693,0.008445012955926305,0
IXIC,static,2024-07-08,0.22692307692307692,0.00866221867210693,0
IXIC,static,2024-07-09,-0.39307692307692305,0.009343764339573638,0
IXIC,static,2024-07-10,-0.19692307692307692,0.009511796662118238,0
IXIC,static,2024-07-11,0.19076923076923075,0.0065929410210810125,0
IXIC,static,2024-07-12,-0.03769230769230769,0.006842208588495781,0
IXIC,static,2024-07-15,0.4930769230769231,0.007273555775172976,0
IXIC,static,2024-07-16,0.5807692307692308,0.010519356946460851,0
IXIC,static,2024-07-17,0.2230769230769231,0.006975913592614176,0
IXIC,static,2024-07-18,0.08692307692307692,0.006070169125923647,0
IXIC,static,2024-07-19,-0.10923076923076921,0.0059811980265658034,0
IXIC,static,2024-07-22,0.043076923076923075,0.007685625436715755,0
IXIC,static,2024-07-23,0.6784615384615386,0.011437835588585556,0
IXIC,static,2024-07-24,0.27999999999999997,0.009549865456065112,0
IXIC,static,2024-07-25,0.1476923076923077,0.01154836576315571,1
IXIC,static,2024-07-26,-0.03153846153846154,0.009576058341190156,1
IXIC,static,2024-07-29,0.033846153846153845,0.010098725338466407,1
IXIC,static,2024-07-30,-0.5230769230769231,0.00979103250429028,1
IXIC,static,2024-07-31,-0.1723076923076923,0.0106643276289105,1
IXIC,static,2024-08-01,0.06615384615384615,0.009844504443462911,1
IXIC,static,2024-08-02,-0.12461538461538461,0.011939685819670486,1
IXIC,static,2024-08-05,-0.023846153846153843,0.009453780772164412,1
IXIC,static,2024-08-06,-0.1346153846153846,0.005925535943824763,1
IXIC,static,2024-08-07,-0.03769230769230769,0.005720549754332704,1
IXIC,static,2024-08-08,-0.03153846153846154,0.004095304728543818,1
IXIC,static,2024-08-09,-0.07846153846153846,0.005593702520709441,1
IXIC,static,2024-08-12,0.2676923076923077,0.006291400091431536,1
IXIC,static,2024-08-13,-0.13153846153846155,0.006169332750141567,1
IXIC,static,2024-08-14,-0.2930769230769231,0.005018319572118288,1
IXIC,static,2024-08-15,-0.26615384615384613,0.00512520332122217,1
IXIC,static,2024-08-16,0.2684615384615385,0.003329042643890664,1
IXIC,static,2024-08-19,-0.2869230769230769,0.004342638148227647,1
IXIC,static,2024-08-20,-0.28076923076923077,0.003063198558593248,1
IXIC,static,2024-08-21,-0.27999999999999997,0.00358686650288286,1
IXIC,static,2024-08-22,0.06461538461538462,0.0033949782018316333,1
IXIC,static,2024-08-23,-0.24230769230769234,0.005915513792424404,1
IXIC,static,2024-08-26,-0.1776923076923077,0.005142993080662502,1
IXIC,static,2024-08-27,-0.3276923076923077,0.005391260027536132,1
IXIC,static,2024-08-28,-0.13076923076923078,0.0046065904450369325,1
IXIC,static,2024-08-29,0.049999999999999996,0.005157418006128786,1
IXIC,static,2024-08-30,-0.046153846153846156,0.006693167398916508,1
IXIC,static,2024-09-03,-0.07076923076923076,0.007333457910572118,1
IXIC,static,2024-09-04,-0.09999999999999999,0.006971214745426497,1
IXIC,static,2024-09-05,0.03461538461538462,0.0057752402764162485,1
IXIC,static,2024-09-06,0.48538461538461536,0.004413832216523547,1
IXIC,static,2024-09-09,0.16692307692307692,0.00739260619156989,1
IXIC,static,2024-09-10,0.4476923076923077,0.00755201760446648,1
IXIC,static,2024-09-11,0.6584615384615385,0.008058713971404334,1
IXIC,static,2024-09-12,0.03230769230769231,0.008259881529957,1
IXIC,static,2024-09-13,-0.06615384615384615,0.00668776553822675,1
IXIC,static,2024-09-16,-0.10384615384615385,0.007526893625035824,1
IXIC,static,2024-09-17,-0.13307692307692306,0.007914041178300935,1
IXIC,static,2024-09-18,0.027692307692307697,0.006052422239117675,1
IXIC,static,2024-09-19,-0.11307692307692309,0.0060407800786196775,1
IXIC,static,2024-09-20,0.11461538461538462,0.006543680548202207,1
IXIC,static,2024-09-23,-0.1446153846153846,0.003950361712777468,1
IXIC,static,2024-09-24,-0.40076923076923077,0.00422625231847626,1
IXIC,static,2024-09-25,-0.23307692307692307,0.0057658400433137505,1
IXIC,static,2024-09-26,0.14384615384615382,0.005465092091471851,1
IXIC,static,2024-09-27,-0.07769230769230769,0.00526535528839983,1
IXIC,static,2024-09-30,-0.2369230769230769,0.007894324131921116,1
IXIC,static,2024-10-01,-0.39307692307692305,0.008451116677897446,1
IXIC,static,2024-10-02,0.3392307692307693,0.007612695875577577,1
IXIC,static,2024-10-03,-0.09769230769230769,0.006952612265813451,1
IXIC,static,2024-10-04,-0.13615384615384615,0.007196016334928491,1
IXIC,static,2024-10-07,0.04923076923076923,0.005453802331467099,1
IXIC,static,2024-10-08,-0.19307692307692306,0.0044425459858029445,1
IXIC,static,2024-10-09,-0.1276923076923077,0.006598931066691822,1
IXIC,static,2024-10-10,0.37461538461538463,0.006019066917942791,1
IXIC,static,2024-10-11,0.03923076923076923,0.00601253124303179,1
IXIC,static,2024-10-14,-0.05461538461538461,0.007820005733519748,1
IXIC,static,2024-10-15,-0.18846153846153846,0.008607417841485495,1
IXIC,static,2024-10-16,-0.09538461538461537,0.007586567076505101,0
IXIC,static,2024-10-17,-0.041538461538461545,0.005928840875858385,0
IXIC,static,2024-10-18,-0.2376923076923077,0.0073796126130036286,0
IXIC,static,2024-10-21,0.2323076923076923,0.008138298341073038,0
IXIC,static,2024-10-22,0.1946153846153846,0.006103795752278476,0
IXIC,static,2024-10-23,0.005384615384615384,0.006680775925487915,0
IXIC,static,2024-10-24,0.3484615384615385,0.00566201826761239,0
IXIC,static,2024-10-25,0.06923076923076923,0.006268072369057286,0
IXIC,static,2024-10-28,0.46076923076923076,0.0072926425497280255,0
IXIC,static,2024-10-29,0.29615384615384616,0.00940169929061082,0
IXIC,static,2024-10-30,0.09307692307692307,0.010234204770531465,0
IXIC,static,2024-10-31,-0.1769230769230769,0.011261873377952656,0
IXIC,static,2024-11-01,-0.13615384615384615,0.009549165609059806,0
IXIC,static,2024-11-04,-0.31846153846153846,0.010403980070259358,0
IXIC,static,2024-11-05,0.13384615384615384,0.010389310365717339,0
IXIC,static,2024-11-06,0.10846153846153846,0.007180955656804097,0
IXIC,static,2024-11-07,-0.09076923076923075,0.0062626734217337285,1
IXIC,static,2024-11-08,-0.34384615384615386,0.007619786532595684,1
IXIC,static,2024-11-11,-0.03615384615384615,0.008757722787122417,1
IXIC,static,2024-11-12,0.09384615384615384,0.00798807928491437,1
IXIC,static,2024-11-13,0.049999999999999996,0.006808957635657811,1
IXIC,static,2024-11-14,-0.07153846153846154,0.00775538438465442,1
IXIC,static,2024-11-15,0.3723076923076923,0.0071144794969586365,1
IXIC,static,2024-11-18,0.09384615384615384,0.007316301928367432,1
IXIC,static,2024-11-19,-0.016923076923076923,0.008166309674270416,1
IXIC,static,2024-11-20,0.4076923076923077,0.007920561548089573,1
IXIC,static,2024-11-21,0.4338461538461538,0.00673831054940816,1
IXIC,static,2024-11-22,0.48384615384615387,0.008384958062088062,1
IXIC,static,2024-11-25,0.3976923076923076,0.009106075559975535,1
IXIC,static,2024-11-26,0.3253846153846154,0.009066988844424435,1
IXIC,static,2024-11-27,-0.08461538461538462,0.010346773350611271,1
IXIC,static,2024-11-29,-0.12461538461538461,0.010994990929029827,1
IXIC,static,2024-12-02,0.11846153846153845,0.009678368933964456,1
IXIC,static,2024-12-03,-0.696923076923077,0.01246571537689297,1
IXIC,static,2024-12-04,0.15615384615384614,0.01120149636175478,1
IXIC,static,2024-12-05,-0.4130769230769231,0.010828658144455307,1
IXIC,static,2024-12-06,-0.011538461538461539,0.011701107749249715,1
IXIC,static,2024-12-09,-0.0876923076923077,0.009660057874862038,1
IXIC,static,2024-12-10,-0.3738461538461539,0.007889298663940216,1
IXIC,static,2024-12-11,-0.09153846153846153,0.009155173488543288,1
IXIC,static,2024-12-12,-0.025384615384615387,0.010006828761652225,1
IXIC,static,2024-12-13,0.2692307692307692,0.00948396853171284,1
IXIC,static,2024-12-16,-0.05461538461538461,0.007906930164899602,0
IXIC,static,2024-12-17,0.12692307692307694,0.006457035527564542,0
IXIC,static,2024-12-18,-0.21000000000000002,0.008512027827091479,0
IXIC,static,2024-12-19,0.3707692307692308,0.008830429023364528,1
IXIC,static,2024-12-20,0.16461538461538464,0.006797537067031924,1
IXIC,tau_rope,2024-04-16,-0.39076923076923076,0.00836750540300268,0
IXIC,tau_rope,2024-04-17,-0.4976923076923077,0.007704539385158513,0
IXIC,tau_rope,2024-04-18,-0.4707692307692308,0.00922203742898998,0
IXIC,tau_rope,2024-04-19,-0.38384615384615384,0.010922374241054014,0
IXIC,tau_rope,2024-04-22,-0.4330769230769231,0.009456925468984937,0
IXIC,tau_rope,2024-04-23,-0.11230769230769232,0.00634431576589117,0
IXIC,tau_rope,2024-04-24,-0.05307692307692308,0.006164952279650554,1
IXIC,tau_rope,2024-04-25,-0.10846153846153846,0.006808170233125506,0
IXIC,tau_rope,2024-04-26,0.09,0.007455945812253004,0
IXIC,tau_rope,2024-04-29,0.07076923076923076,0.0072473982558585275,1
IXIC,tau_rope,2024-04-30,-0.2623076923076923,0.005885069687938032,1
IXIC,tau_rope,2024-05-01,-0.023846153846153843,0.007414295554626678,1
IXIC,tau_rope,2024-05-02,-0.07307692307692308,0.006456565074913625,1
IXIC,tau_rope,2024-05-03,-0.22461538461538463,0.006902035509701749,1
IXIC,tau_rope,2024-05-06,-0.30615384615384617,0.005161024031694921,1
IXIC,tau_rope,2024-05-07,-0.2076923076923077,0.005669949167058751,1
IXIC,tau_rope,2024-05-08,0.025384615384615387,0.004893100031185851,1
IXIC,tau_rope,2024-05-09,-0.010769230769230769,0.005407836082158566,1
IXIC,tau_rope,2024-05-10,0.26076923076923075,0.005245835122768729,1
IXIC,tau_rope,2024-05-13,0.30923076923076925,0.004260405999957551,1
IXIC,tau_rope,2024-05-14,0.15615384615384614,0.00554679909604598,1
IXIC,tau_rope,2024-05-15,0.15615384615384614,0.005381568816956102,1
IXIC,tau_rope,2024-05-16,-0.4584615384615385,0.005067645880953878,1
IXIC,tau_rope,2024-05-17,-0.06846153846153846,0.005807470966201387,1
IXIC,tau_rope,2024-05-20,-0.10461538461538461,0.007632679310627239,1
IXIC,tau_rope,2024-05-21,-0.06769230769230769,0.006703482024604413,1
IXIC,tau_rope,2024-05-22,-0.36153846153846153,0.006669283850351291,1
IXIC,tau_rope,2024-05-23,0.20461538461538462,0.0057221312425098855,1
IXIC,tau_rope,2024-05-24,-0.08615384615384615,0.006930957916192658,1
IXIC,tau_rope,2024-05-28,-0.07769230769230769,0.00609362486051391,1
IXIC,tau_rope,2024-05-29,-0.08461538461538462,0.005386310169123995,1
IXIC,tau_rope,2024-05-30,-0.05307692307692308,0.005083691028412407,1
IXIC,tau_rope,2024-05-31,-0.16153846153846155,0.007086612011771609,1
IXIC,tau_rope,2024-06-03,0.036923076923076927,0.0050535726174711845,0
IXIC,tau_rope,2024-06-04,-0.15153846153846154,0.005227968195686067,0
IXIC,tau_rope,2024-06-05,-0.4807692307692307,0.007432322720996983,0
IXIC,tau_rope,2024-06-06,-0.22615384615384618,0.007403146199649154,0
IXIC,tau_rope,2024-06-07,-0.31692307692307686,0.0066989040577027014,0
IXIC,tau_rope,2024-06-10,-0.27076923076923076,0.01063955840654668,0
IXIC,tau_rope,2024-06-11,-0.23923076923076922,0.010372722197789664,0
IXIC,tau_rope,2024-06-12,-0.15923076923076923,0.006112595153972451,0
IXIC,tau_rope,2024-06-13,0.10384615384615385,0.0075076008628820416,0
IXIC,tau_rope,2024-06-14,0.23384615384615384,0.008827248821034963,0
IXIC,tau_rope,2024-06-17,0.09999999999999999,0.00820727483369404,0
IXIC,tau_rope,2024-06-18,0.2323076923076923,0.007021691998233984,0
IXIC,tau_rope,2024-06-20,0.3515384615384615,0.005889784446335346,0
IXIC,tau_rope,2024-06-21,-0.2692307692307692,0.007186679785372629,0
IXIC,tau_rope,2024-06-24,-0.23076923076923078,0.00890591095201666,0
IXIC,tau_rope,2024-06-25,-0.39307692307692305,0.008091491945087861,0
IXIC,tau_rope,2024-06-26,-0.06230769230769231,0.0065355188571265465,0
IXIC,tau_rope,2024-06-27,-0.09923076923076923,0.006628034695750078,0
IXIC,tau_rope,2024-06-28,-0.08076923076923077,0.006725773405050809,0
IXIC,tau_rope,2024-07-01,0.06230769230769231,0.005831048370455355,0
IXIC,tau_rope,2024-07-02,0.35230769230769227,0.004825184009678174,0
IXIC,tau_rope,2024-07-03,0.39999999999999997,0.005864106110529947,0
IXIC,tau_rope,2024-07-05,0.15846153846153843,0.008483402743004215,0
IXIC,tau_rope,2024-07-08,0.2569230769230769,0.008860961322789037,0
IXIC,tau_rope,2024-07-09,0.013076923076923076,0.009234380167908918,0
IXIC,tau_rope,2024-07-10,0.11076923076923079,0.009591479392256522,0
IXIC,tau_rope,2024-07-11,0.2323076923076923,0.006426848655100871,0
IXIC,tau_rope,2024-07-12,0.06461538461538462,0.006541058095172011,0
IXIC,tau_rope,2024-07-15,0.48615384615384616,0.007276621838100222,0
IXIC,tau_rope,2024-07-16,0.5761538461538462,0.01013541083317247,0
IXIC,tau_rope,2024-07-17,0.4438461538461538,0.006748343114741108,0
IXIC,tau_rope,2024-07-18,0.363076923076923,0.005779753439819573,0
IXIC,tau_rope,2024-07-19,0.22076923076923075,0.006027125563705303,0
IXIC,tau_rope,2024-07-22,0.36846153846153845,0.007922350685112135,0
IXIC,tau_rope,2024-07-23,0.5261538461538462,0.01213218048913398,0
IXIC,tau_rope,2024-07-24,0.3676923076923077,0.010068272644421021,0
IXIC,tau_rope,2024-07-25,0.12538461538461537,0.01163577666622583,1
IXIC,tau_rope,2024-07-26,-0.2884615384615385,0.009582906616851622,1
IXIC,tau_rope,2024-07-29,-0.15538461538461537,0.01006538741756225,1
IXIC,tau_rope,2024-07-30,-0.4715384615384615,0.009619205798953713,1
IXIC,tau_rope,2024-07-31,-0.34384615384615386,0.010666854754090254,1
IXIC,tau_rope,2024-08-01,-0.09076923076923075,0.010063061339314972,1
IXIC,tau_rope,2024-08-02,-0.2746153846153846,0.012017612783238207,1
IXIC,tau_rope,2024-08-05,0.04923076923076923,0.009679958382621335,1
IXIC,tau_rope,2024-08-06,0.09076923076923075,0.0060113877174444,1
IXIC,tau_rope,2024-08-07,0.2053846153846154,0.005935152375604893,1
IXIC,tau_rope,2024-08-08,-0.36153846153846153,0.00430972555273905,1
IXIC,tau_rope,2024-08-09,0.09076923076923075,0.005483287081588028,1
IXIC,tau_rope,2024-08-12,0.5015384615384615,0.006261837182391867,1
IXIC,tau_rope,2024-08-13,0.25461538461538463,0.006088038561865643,1
IXIC,tau_rope,2024-08-14,0.19846153846153847,0.005001479002385112,1
IXIC,tau_rope,2024-08-15,0.10923076923076921,0.005080474319402081,1
IXIC,tau_rope,2024-08-16,0.3646153846153847,0.0033097709523280832,1
IXIC,tau_rope,2024-08-19,0.016923076923076923,0.004177255000686201,1
IXIC,tau_rope,2024-08-20,-0.33,0.0030400278558226344,1
IXIC,tau_rope,2024-08-21,-0.3715384615384616,0.0033685333060565763,1
IXIC,tau_rope,2024-08-22,-0.17846153846153845,0.003228014384512733,1
IXIC,tau_rope,2024-08-23,-0.04230769230769231,0.006030279305414221,1
IXIC,tau_rope,2024-08-26,-0.2530769230769231,0.005033295707544256,1
IXIC,tau_rope,2024-08-27,-0.1423076923076923,0.005370709350681819,1
IXIC,tau_rope,2024-08-28,0.008461538461538461,0.004341280887019765,1
IXIC,tau_rope,2024-08-29,0.036923076923076927,0.004874533948459389,1
IXIC,tau_rope,2024-08-30,0.016153846153846154,0.006741138690849706,1
IXIC,tau_rope,2024-09-03,0.10692307692307691,0.007271248900215102,1
IXIC,tau_rope,2024-09-04,0.22923076923076924,0.006664511525304948,1
IXIC,tau_rope,2024-09-05,0.21307692307692308,0.005703478880750426,1
IXIC,tau_rope,2024-09-06,0.693076923076923,0.004537179186008822,1
IXIC,tau_rope,2024-09-09,0.04923076923076923,0.007204485492547932,1
IXIC,tau_rope,2024-09-10,0.21615384615384614,0.007939669003244422,1
IXIC,tau_rope,2024-09-11,0.5,0.008633947371272321,1
IXIC,tau_rope,2024-09-12,-0.18076923076923077,0.008363979626446914,1
IXIC,tau_rope,2024-09-13,-0.5646153846153846,0.006685832038056048,1
IXIC,tau_rope,2024-09-16,-0.30000000000000004,0.007624114872887666,1
IXIC,tau_rope,2024-09-17,-0.26153846153846155,0.007882952420040912,1
IXIC,tau_rope,2024-09-18,0.009999999999999998,0.005965548151034401,1
IXIC,tau_rope,2024-09-19,-0.16076923076923075,0.006212408058345267,1
IXIC,tau_rope,2024-09-20,-0.19692307692307692,0.006529655873309776,1
IXIC,tau_rope,2024-09-23,-0.016153846153846154,0.0037529543452546376,1
IXIC,tau_rope,2024-09-24,-0.3792307692307692,0.004074683850048966,1
IXIC,tau_rope,2024-09-25,-0.20615384615384616,0.005970590454526184,1
IXIC,tau_rope,2024-09-26,0.3230769230769231,0.005392913122777788,1
IXIC,tau_rope,2024-09-27,0.08076923076923077,0.005168832921074179,1
IXIC,tau_rope,2024-09-30,-0.1476923076923077,0.007836491264024456,1
IXIC,tau_rope,2024-10-01,0.13307692307692306,0.007983864423294972,1
IXIC,tau_rope,2024-10-02,0.35307692307692307,0.007467096312902841,1
IXIC,tau_rope,2024-10-03,0.12,0.006488482291679213,1
IXIC,tau_rope,2024-10-04,0.06,0.006689979131333485,1
IXIC,tau_rope,2024-10-07,0.1423076923076923,0.005138232781900982,1
IXIC,tau_rope,2024-10-08,0.023846153846153843,0.004004568355157952,1
IXIC,tau_rope,2024-10-09,0.23615384615384616,0.00652331750374283,1
IXIC,tau_rope,2024-10-10,0.46076923076923076,0.00608313754317348,1
IXIC,tau_rope,2024-10-11,0.4153846153846154,0.005968710418092037,1
IXIC,tau_rope,2024-10-14,0.34307692307692306,0.00763273837044832,1
IXIC,tau_rope,2024-10-15,0.04692307692307692,0.008254909109746167,1
IXIC,tau_rope,2024-10-16,0.026153846153846153,0.007157718696980708,0
IXIC,tau_rope,2024-10-17,-0.1376923076923077,0.005598321828292638,0
IXIC,tau_rope,2024-10-18,-0.20923076923076922,0.006715215577278253,0
IXIC,tau_rope,2024-10-21,-0.12846153846153846,0.007960301549173866,0
IXIC,tau_rope,2024-10-22,0.03923076923076923,0.0058804992208024084,0
IXIC,tau_rope,2024-10-23,-0.26076923076923075,0.006450936551700522,0
IXIC,tau_rope,2024-10-24,0.2561538461538462,0.005808526272594413,0
IXIC,tau_rope,2024-10-25,-0.1746153846153846,0.006489195961985321,0
IXIC,tau_rope,2024-10-28,0.03615384615384615,0.007716709799715266,0
IXIC,tau_rope,2024-10-29,0.03,0.009655137904919623,0
IXIC,tau_rope,2024-10-30,-0.057692307692307696,0.010334958711173325,0
IXIC,tau_rope,2024-10-31,-0.18230769230769234,0.011135330696124544,0
IXIC,tau_rope,2024-11-01,-0.022307692307692306,0.009534576508449322,0
IXIC,tau_rope,2024-11-04,-0.03461538461538462,0.010153759692329874,0
IXIC,tau_rope,2024-11-05,0.09230769230769231,0.010410610351536832,0
IXIC,tau_rope,2024-11-06,0.2553846153846154,0.007157743121497267,0
IXIC,tau_rope,2024-11-07,0.014615384615384615,0.005972460316697792,1
IXIC,tau_rope,2024-11-08,-0.5038461538461538,0.007338288100436266,1
IXIC,tau_rope,2024-11-11,-0.1992307692307692,0.008389581143419443,1
IXIC,tau_rope,2024-11-12,-0.26692307692307693,0.00801176502522134,1
IXIC,tau_rope,2024-11-13,-0.15153846153846154,0.006852598522091234,1
IXIC,tau_rope,2024-11-14,0.21615384615384614,0.008011143594048874,1
IXIC,tau_rope,2024-11-15,0.41846153846153844,0.007456217865110308,1
IXIC,tau_rope,2024-11-18,0.20230769230769227,0.007706213037017692,1
IXIC,tau_rope,2024-11-19,0.4153846153846154,0.00839417588431383,1
IXIC,tau_rope,2024-11-20,0.32692307692307687,0.008320946103194688,1
IXIC,tau_rope,2024-11-21,0.45999999999999996,0.006984828561544382,1
IXIC,tau_rope,2024-11-22,0.39692307692307693,0.008351147141074726,1
IXIC,tau_rope,2024-11-25,0.21307692307692308,0.008978669949574372,1
IXIC,tau_rope,2024-11-26,0.21307692307692308,0.008971655732020698,1
IXIC,tau_rope,2024-11-27,-0.03923076923076923,0.009759661266580188,1
IXIC,tau_rope,2024-11-29,-0.2407692307692308,0.010634961775504026,1
IXIC,tau_rope,2024-12-02,0.03307692307692307,0.009229721121955638,1
IXIC,tau_rope,2024-12-03,-0.34307692307692306,0.01187760558561418,1
IXIC,tau_rope,2024-12-04,0.10846153846153846,0.010871222033165378,1
IXIC,tau_rope,2024-12-05,-0.2953846153846154,0.010124539758544373,1
IXIC,tau_rope,2024-12-06,-0.10230769230769231,0.01113671591272574,1
IXIC,tau_rope,2024-12-09,-0.36076923076923073,0.009153704708442041,1
IXIC,tau_rope,2024-12-10,-0.4238461538461538,0.007267300838138883,1
IXIC,tau_rope,2024-12-11,-0.023076923076923078,0.008753305040881927,1
IXIC,tau_rope,2024-12-12,-0.043076923076923075,0.009772507750421884,1
IXIC,tau_rope,2024-12-13,0.23384615384615384,0.009490470224991393,1
IXIC,tau_rope,2024-12-16,0.1276923076923077,0.007682693523820434,0
IXIC,tau_rope,2024-12-17,0.28307692307692306,0.006564992354251395,0
IXIC,tau_rope,2024-12-18,0.22076923076923075,0.008781933016143684,0
IXIC,tau_rope,2024-12-19,0.45461538461538464,0.00916491367504929,1
IXIC,tau_rope,2024-12-20,0.37,0.006836147383728481,1
